id,first_name,last_name,email,gender,ip_address
1,Roy,Gamlin,rgamlin0@berkeley.edu,Male,58.14.240.156
2,Karol,Solland,ksolland1@ameblo.jp,Female,123.90.56.199
3,Carla,Mathissen,cmathissen2@state.tx.us,Female,108.10.70.65
4,Igor,Mundie,imundie3@deviantart.com,Male,134.20.130.217
5,Marne,Barnsdale,mbarnsdale4@bizjournals.com,Female,76.129.184.251
6,Neel,Garnham,ngarnham5@purevolume.com,Male,80.15.159.213
7,Darnell,Gibbard,dgibbard6@pen.io,Male,90.127.220.228
8,Chere,Gobel,cgobel7@nyu.edu,Female,232.20.156.165
9,Bibi,Dorbon,bdorbon8@xinhuanet.com,Female,213.207.221.9
10,Salem,Kayzer,skayzer9@ovh.net,Male,220.186.192.143
11,Frasco,Oxtiby,foxtibya@about.com,Male,115.160.23.87
12,Harold,Grimsey,hgrimseyb@cpanel.net,Male,14.123.84.230
13,Flem,Toupe,ftoupec@google.co.uk,Male,75.7.203.204
14,Dore,Lansly,dlanslyd@netlog.com,Male,223.72.57.129
15,Koral,Canto,kcantoe@opera.com,Female,215.41.79.80
16,Gweneth,Taaffe,gtaaffef@shinystat.com,Female,31.161.4.83
17,Sileas,Courtney,scourtneyg@indiegogo.com,Female,48.221.227.36
18,Antone,Hobell,ahobellh@netscape.com,Male,251.11.230.126
19,Micah,Mallabon,mmallaboni@chron.com,Male,188.161.172.137
20,Ethe,Threadgold,ethreadgoldj@unc.edu,Male,111.58.39.54
21,Efren,Allworthy,eallworthyk@nih.gov,Male,177.15.109.37
22,Stan,Glanders,sglandersl@telegraph.co.uk,Male,185.222.174.244
23,Cinderella,Dubique,cdubiquem@imgur.com,Female,149.21.240.16
24,Portie,Gilligan,pgilligann@linkedin.com,Male,62.132.171.247
25,Harley,Skellern,hskellerno@mail.ru,Male,45.159.116.218
26,Francois,Pohlak,fpohlakp@independent.co.uk,Male,91.152.212.31
27,Ethyl,McCreery,emccreeryq@booking.com,Female,119.217.65.54
28,Barnebas,Ormes,bormesr@shareasale.com,Male,130.224.146.151
29,Rickie,Klimaszewski,rklimaszewskis@tmall.com,Male,176.110.232.191
30,Madeline,Fordham,mfordhamt@springer.com,Female,159.147.107.157
31,Arne,Clue,aclueu@cdbaby.com,Male,234.40.255.84
32,Barn,Passey,bpasseyv@auda.org.au,Male,184.225.223.250
33,Camel,Brevetor,cbrevetorw@economist.com,Female,24.77.31.200
34,Carolyn,Emsley,cemsleyx@comcast.net,Female,83.47.219.9
35,Lenee,Basant,lbasanty@miitbeian.gov.cn,Female,32.64.111.27
36,Asa,Cockerill,acockerillz@hubpages.com,Male,185.115.8.59
37,Thomasina,Bonicelli,tbonicelli10@amazon.co.uk,Female,243.47.38.196
38,Ali,Jenkin,ajenkin11@salon.com,Male,145.187.255.125
39,Jobi,Doberer,jdoberer12@free.fr,Female,4.87.127.177
40,Janela,Enrigo,jenrigo13@tripod.com,Female,40.76.81.38
41,Lorry,Tallquist,ltallquist14@ox.ac.uk,Male,68.104.59.94
42,Ely,Litterick,elitterick15@ifeng.com,Male,88.110.72.87
43,Ellen,Gianotti,egianotti16@examiner.com,Female,29.227.27.110
44,Raeann,Kippin,rkippin17@huffingtonpost.com,Female,242.166.208.214
45,Cortie,Le Teve,cleteve18@myspace.com,Male,178.203.90.199
46,Pail,Demelt,pdemelt19@nih.gov,Male,8.55.63.98
47,Fanny,Nealon,fnealon1a@nyu.edu,Female,52.86.186.89
48,Cynthy,Dalloway,cdalloway1b@jimdo.com,Female,221.76.254.252
49,Dulce,Rambaut,drambaut1c@pcworld.com,Female,148.242.244.48
50,Karola,Slaymaker,kslaymaker1d@paginegialle.it,Female,243.254.105.130
51,Raychel,Hyrons,rhyrons1e@apple.com,Female,37.36.200.79
52,Roldan,Enright,renright1f@cmu.edu,Male,136.154.102.107
53,Audrie,Kears,akears1g@answers.com,Female,15.215.248.52
54,Veronika,Corns,vcorns1h@symantec.com,Female,223.20.35.194
55,Johnny,Kippie,jkippie1i@hugedomains.com,Male,229.15.230.205
56,Kipp,Lawerence,klawerence1j@themeforest.net,Female,61.121.116.174
57,Tedman,Goldsworthy,tgoldsworthy1k@joomla.org,Male,6.189.23.159
58,Ryley,Hadny,rhadny1l@admin.ch,Male,114.39.195.154
59,Shina,Vassar,svassar1m@howstuffworks.com,Female,22.216.137.120
60,Joanie,Hirche,jhirche1n@boston.com,Female,228.37.216.79
61,Hasty,Devigne,hdevigne1o@fema.gov,Male,32.133.67.19
62,Pavlov,Filippone,pfilippone1p@seesaa.net,Male,48.181.75.251
63,Valle,Hance,vhance1q@telegraph.co.uk,Male,244.55.140.83
64,Garrek,Wyrill,gwyrill1r@slashdot.org,Male,195.173.41.221
65,Flemming,Braniff,fbraniff1s@unicef.org,Male,72.125.240.83
66,Daphna,Weiner,dweiner1t@walmart.com,Female,146.45.143.111
67,Skippie,Kelly,skelly1u@hp.com,Male,198.162.153.1
68,Kaia,Extance,kextance1v@google.com.au,Female,73.2.159.137
69,Marlo,Need,mneed1w@seattletimes.com,Female,2.15.97.179
70,Ellis,Glinde,eglinde1x@wikipedia.org,Male,254.8.125.140
71,Ulrike,Kenson,ukenson1y@ibm.com,Female,127.251.219.131
72,Cathi,Kose,ckose1z@sina.com.cn,Female,193.242.199.51
73,Lacee,Dietsche,ldietsche20@mapy.cz,Female,65.153.27.97
74,Bessy,Edy,bedy21@msn.com,Female,140.227.38.221
75,Olive,Micheu,omicheu22@amazonaws.com,Female,65.214.189.185
76,Ashley,Gorner,agorner23@sohu.com,Male,239.237.11.232
77,Dene,Rosenbusch,drosenbusch24@barnesandnoble.com,Male,205.23.187.33
78,Elke,Avey,eavey25@merriam-webster.com,Female,186.0.237.160
79,Jen,Jerg,jjerg26@accuweather.com,Female,162.235.230.223
80,Ber,Rives,brives27@yellowbook.com,Male,171.156.46.198
81,Logan,Bott,lbott28@ehow.com,Male,15.252.179.72
82,Renae,Castella,rcastella29@narod.ru,Female,183.140.17.206
83,Patricia,Ostick,postick2a@123-reg.co.uk,Female,6.5.237.111
84,Hobard,Le Gassick,hlegassick2b@geocities.jp,Male,77.235.50.144
85,Erika,Patinkin,epatinkin2c@ustream.tv,Female,219.85.89.74
86,Anneliese,Cliburn,acliburn2d@elpais.com,Female,115.204.202.72
87,Ginnifer,Buzek,gbuzek2e@seattletimes.com,Female,219.2.139.61
88,Karmen,Juliff,kjuliff2f@stanford.edu,Female,0.121.133.29
89,Angelica,Dami,adami2g@about.me,Female,14.4.179.135
90,Manya,Lippiatt,mlippiatt2h@pinterest.com,Female,55.169.183.80
91,Nickolas,Tunuy,ntunuy2i@sciencedaily.com,Male,147.61.194.160
92,Norris,Buttel,nbuttel2j@flickr.com,Male,128.25.210.47
93,Roxana,MacDavitt,rmacdavitt2k@gnu.org,Female,208.58.176.248
94,Rabi,Breheny,rbreheny2l@pbs.org,Male,77.223.3.23
95,Andreana,Chapelhow,achapelhow2m@engadget.com,Female,16.104.254.170
96,Domingo,Robertelli,drobertelli2n@fc2.com,Male,34.18.47.238
97,Bayard,McFarland,bmcfarland2o@friendfeed.com,Male,12.4.41.173
98,Cherey,Lyburn,clyburn2p@sitemeter.com,Female,64.216.126.246
99,Quincey,Blood,qblood2q@netlog.com,Male,43.2.134.150
100,Booth,Craney,bcraney2r@ameblo.jp,Male,125.43.149.35
101,Mar,Rushmer,mrushmer2s@ox.ac.uk,Male,162.92.232.10
102,Brok,Allington,ballington2t@infoseek.co.jp,Male,109.150.249.199
103,Perrine,Babbs,pbabbs2u@goodreads.com,Female,161.193.31.18
104,Neille,Delieu,ndelieu2v@google.ca,Female,175.143.241.130
105,Elizabeth,Monahan,emonahan2w@ucoz.ru,Female,138.203.27.77
106,Xenos,Rapo,xrapo2x@cdbaby.com,Male,202.55.2.234
107,Mose,Shoebridge,mshoebridge2y@twitter.com,Male,67.43.146.182
108,Joshuah,Bispo,jbispo2z@loc.gov,Male,47.123.24.235
109,Merci,Rocca,mrocca30@bizjournals.com,Female,95.112.231.137
110,Irving,Kauble,ikauble31@pbs.org,Male,224.18.129.26
111,Fairleigh,Gunney,fgunney32@ca.gov,Male,44.6.163.89
112,Carmen,Crim,ccrim33@hao123.com,Female,74.167.133.3
113,Gauthier,Fleote,gfleote34@upenn.edu,Male,147.217.100.109
114,Conant,Ivasyushkin,civasyushkin35@mit.edu,Male,30.67.72.194
115,Claudine,Kun,ckun36@tumblr.com,Female,64.160.246.62
116,Gilli,Greenhalgh,ggreenhalgh37@hao123.com,Female,217.152.121.16
117,Ailee,Ketchaside,aketchaside38@163.com,Female,147.22.82.156
118,Hasty,Tomney,htomney39@linkedin.com,Male,37.253.53.8
119,Pepita,Shacklady,pshacklady3a@jimdo.com,Female,21.215.97.169
120,Simmonds,Hise,shise3b@ifeng.com,Male,41.72.89.236
121,Marijo,MacConnell,mmacconnell3c@hostgator.com,Female,214.160.26.215
122,Mario,Jeffray,mjeffray3d@chicagotribune.com,Male,87.52.187.55
123,Caria,Martinez,cmartinez3e@theguardian.com,Female,184.105.47.222
124,Jasper,Sterman,jsterman3f@xing.com,Male,109.144.197.114
125,Elia,Dallimare,edallimare3g@ning.com,Male,61.55.250.61
126,Myles,Clampe,mclampe3h@netscape.com,Male,175.70.43.176
127,Corly,McGrouther,cmcgrouther3i@dot.gov,Female,119.30.169.112
128,Caryl,Wykey,cwykey3j@purevolume.com,Female,99.181.10.65
129,Peria,Filyaev,pfilyaev3k@spiegel.de,Female,24.92.69.231
130,Umeko,Angelini,uangelini3l@cnbc.com,Female,144.169.240.95
131,Yehudit,Deakins,ydeakins3m@dion.ne.jp,Male,94.67.120.148
132,Claresta,Gatman,cgatman3n@webs.com,Female,236.12.128.72
133,Reese,Lawly,rlawly3o@bloglines.com,Male,103.50.110.9
134,Asa,Lafuente,alafuente3p@gizmodo.com,Male,5.14.10.193
135,Rufus,Kettlesting,rkettlesting3q@multiply.com,Male,91.32.186.50
136,Wake,Storcke,wstorcke3r@wikipedia.org,Male,127.185.2.66
137,Vaughn,Drinkwater,vdrinkwater3s@lulu.com,Male,233.71.121.64
138,Ashia,Gregorin,agregorin3t@squarespace.com,Female,125.164.184.57
139,Lucie,Jirieck,ljirieck3u@wiley.com,Female,79.66.127.48
140,Salem,Byram,sbyram3v@aol.com,Male,37.18.213.161
141,Margie,Fugere,mfugere3w@livejournal.com,Female,106.106.188.103
142,Elwin,Zimmermanns,ezimmermanns3x@census.gov,Male,155.21.180.109
143,Bill,Moggie,bmoggie3y@prnewswire.com,Male,226.62.123.229
144,Tristan,Grinnell,tgrinnell3z@xrea.com,Male,81.255.142.133
145,Theressa,Michelotti,tmichelotti40@simplemachines.org,Female,82.93.38.76
146,Steven,Farron,sfarron41@gnu.org,Male,113.193.119.213
147,Allix,Pinchback,apinchback42@nba.com,Female,187.211.41.181
148,Reynard,Trace,rtrace43@mediafire.com,Male,165.190.98.64
149,Quincy,Mandell,qmandell44@aol.com,Male,53.191.80.179
150,Devora,Broinlich,dbroinlich45@4shared.com,Female,60.233.114.62
151,Lacey,Muscott,lmuscott46@cargocollective.com,Female,228.75.64.14
152,Christel,Ebbitt,cebbitt47@lulu.com,Female,168.75.217.217
153,Urban,Henke,uhenke48@google.it,Male,9.118.7.107
154,Denis,Kernan,dkernan49@cnn.com,Male,151.245.148.119
155,Alwin,Bengoechea,abengoechea4a@lycos.com,Male,45.80.79.241
156,Marillin,Figgen,mfiggen4b@msu.edu,Female,234.101.225.115
157,Justis,Setterthwait,jsetterthwait4c@trellian.com,Male,172.126.149.137
158,Kaycee,Fonquernie,kfonquernie4d@webnode.com,Female,60.46.222.45
159,Kirsti,Hayles,khayles4e@list-manage.com,Female,100.96.175.206
160,Dominique,Genicke,dgenicke4f@yale.edu,Female,96.146.1.85
161,Dena,Ruperto,druperto4g@google.com.hk,Female,53.61.209.54
162,Gray,Yurkevich,gyurkevich4h@moonfruit.com,Female,23.96.182.34
163,Chandler,Battle,cbattle4i@techcrunch.com,Male,203.68.24.57
164,Kippie,Morriarty,kmorriarty4j@amazonaws.com,Male,163.230.233.153
165,Tristam,Patillo,tpatillo4k@bigcartel.com,Male,66.123.201.228
166,Ashlee,Dabney,adabney4l@craigslist.org,Female,119.119.241.28
167,Latia,Manning,lmanning4m@mapy.cz,Female,127.158.124.225
168,Arlee,Widdecombe,awiddecombe4n@privacy.gov.au,Female,90.72.58.12
169,Midge,Gilchrest,mgilchrest4o@usa.gov,Female,85.21.89.252
170,Stefano,Foxwell,sfoxwell4p@ucsd.edu,Male,137.96.83.93
171,Ameline,Lipson,alipson4q@scribd.com,Female,201.189.218.179
172,Haleigh,Lomis,hlomis4r@howstuffworks.com,Male,224.161.129.28
173,Jens,Divers,jdivers4s@dmoz.org,Male,219.92.161.236
174,Robbie,Culleton,rculleton4t@examiner.com,Female,23.243.223.166
175,Tresa,Banstead,tbanstead4u@redcross.org,Female,79.54.60.128
176,Cassandre,Peach,cpeach4v@si.edu,Female,81.235.213.17
177,Theodora,McBeith,tmcbeith4w@blogs.com,Female,67.148.74.172
178,Giffy,Carless,gcarless4x@prnewswire.com,Male,81.178.72.162
179,Borg,O'Lunny,bolunny4y@wp.com,Male,158.46.208.247
180,Svend,Duinbleton,sduinbleton4z@discuz.net,Male,183.212.238.16
181,Vale,Lanfranchi,vlanfranchi50@php.net,Male,105.160.114.151
182,Lois,Apps,lapps51@whitehouse.gov,Female,192.144.106.175
183,Christabel,Winter,cwinter52@simplemachines.org,Female,93.179.169.36
184,Patin,Bewshaw,pbewshaw53@yahoo.com,Male,29.248.123.235
185,Ekaterina,Jeans,ejeans54@oracle.com,Female,247.135.93.65
186,Miran,Pickersgill,mpickersgill55@wiley.com,Female,184.164.51.206
187,Sephira,Abele,sabele56@shareasale.com,Female,143.127.224.69
188,Desmond,Gulland,dgulland57@time.com,Male,115.1.95.148
189,Robenia,Twatt,rtwatt58@sohu.com,Female,236.8.148.219
190,Britney,Kobierski,bkobierski59@about.com,Female,121.32.20.241
191,Amber,Stanett,astanett5a@microsoft.com,Female,39.133.214.105
192,Mellisa,Gagan,mgagan5b@booking.com,Female,84.238.68.222
193,Harry,Hannam,hhannam5c@ucoz.com,Male,199.90.43.170
194,Lek,McCart,lmccart5d@skype.com,Male,48.174.148.179
195,Liuka,Skull,lskull5e@buzzfeed.com,Female,111.81.148.96
196,Lazarus,Billsberry,lbillsberry5f@deliciousdays.com,Male,39.225.85.57
197,Mara,Ransbury,mransbury5g@cyberchimps.com,Female,100.67.123.4
198,Zed,Birdwistle,zbirdwistle5h@google.de,Male,208.92.198.22
199,Hetti,Riglesford,hriglesford5i@usda.gov,Female,203.143.194.156
200,Wallie,Tanguy,wtanguy5j@pinterest.com,Male,45.137.123.142
201,Celle,Twizell,ctwizell5k@drupal.org,Female,220.239.210.244
202,Guss,Curnow,gcurnow5l@discuz.net,Male,3.78.252.184
203,Kurt,Costar,kcostar5m@google.ru,Male,29.26.102.42
204,Corri,Kitchenside,ckitchenside5n@chronoengine.com,Female,103.47.101.49
205,Isabella,Claessens,iclaessens5o@pcworld.com,Female,99.63.248.234
206,Edgar,Van den Hof,evandenhof5p@dot.gov,Male,74.16.14.163
207,Daisie,Aistrop,daistrop5q@joomla.org,Female,115.126.150.247
208,Dalston,Scoines,dscoines5r@chicagotribune.com,Male,170.117.54.192
209,Lane,Spradbrow,lspradbrow5s@shop-pro.jp,Female,163.136.87.201
210,Augusto,Catterell,acatterell5t@unblog.fr,Male,54.140.199.215
211,Margarita,Wolffers,mwolffers5u@nbcnews.com,Female,212.86.107.105
212,Barbie,Spring,bspring5v@skyrock.com,Female,114.88.106.106
213,Zacherie,Scibsey,zscibsey5w@usda.gov,Male,8.119.113.79
214,Rad,Majury,rmajury5x@wordpress.com,Male,234.122.17.85
215,Normand,Jeaycock,njeaycock5y@dmoz.org,Male,32.154.50.241
216,Netti,Mackin,nmackin5z@earthlink.net,Female,236.91.38.65
217,Edeline,Puig,epuig60@exblog.jp,Female,19.124.49.154
218,Bill,Rumens,brumens61@acquirethisname.com,Male,65.217.63.18
219,Munmro,Cleobury,mcleobury62@photobucket.com,Male,6.153.130.33
220,Bryn,Richardeau,brichardeau63@prnewswire.com,Female,179.154.13.247
221,Dodie,Daice,ddaice64@mail.ru,Female,164.61.107.180
222,Matthus,Pinnegar,mpinnegar65@china.com.cn,Male,128.200.104.42
223,Chery,McAvey,cmcavey66@senate.gov,Female,156.59.231.187
224,Pennie,Bayldon,pbayldon67@cisco.com,Male,28.195.151.67
225,Poul,De Hoogh,pdehoogh68@google.it,Male,235.63.234.91
226,Nona,Moehle,nmoehle69@lulu.com,Female,123.77.248.16
227,Hadley,Astill,hastill6a@cmu.edu,Male,207.225.237.84
228,Kennie,Sissot,ksissot6b@usatoday.com,Male,203.122.156.210
229,Adriena,Burgane,aburgane6c@ebay.com,Female,163.81.121.222
230,Tedie,Madeley,tmadeley6d@is.gd,Male,8.54.237.127
231,Dorthea,Leasor,dleasor6e@latimes.com,Female,114.41.91.38
232,Trevor,Goreway,tgoreway6f@myspace.com,Male,245.95.62.1
233,Thomasina,Slingsby,tslingsby6g@wordpress.com,Female,77.128.29.242
234,Cordy,Bartomeu,cbartomeu6h@mapquest.com,Female,39.186.162.225
235,Shellie,Paterno,spaterno6i@cbsnews.com,Female,246.46.163.149
236,Stacee,Burchell,sburchell6j@usnews.com,Male,118.200.106.150
237,Eziechiele,Jakubowski,ejakubowski6k@biglobe.ne.jp,Male,230.209.127.198
238,Vladimir,O'Callaghan,vocallaghan6l@mapquest.com,Male,108.212.116.184
239,Tallou,Archley,tarchley6m@washingtonpost.com,Female,139.247.116.242
240,Reinold,Lindback,rlindback6n@blogtalkradio.com,Male,60.60.55.196
241,Daffie,Alkins,dalkins6o@shinystat.com,Female,193.211.73.239
242,Tanya,Lamberth,tlamberth6p@webs.com,Female,69.43.18.228
243,Ric,Dannatt,rdannatt6q@shop-pro.jp,Male,199.164.197.79
244,Arel,Gumm,agumm6r@google.es,Male,158.99.161.243
245,Monro,O'Hallagan,mohallagan6s@dropbox.com,Male,229.239.2.40
246,Tabatha,Leatherbarrow,tleatherbarrow6t@etsy.com,Female,40.171.87.107
247,Dav,Welds,dwelds6u@sbwire.com,Male,20.246.97.193
248,Corrine,Strangward,cstrangward6v@photobucket.com,Female,99.189.11.25
249,Arnold,Juniper,ajuniper6w@biblegateway.com,Male,222.181.81.129
250,Nataline,Webborn,nwebborn6x@goodreads.com,Female,163.58.29.116
251,Hoebart,Gallagher,hgallagher6y@java.com,Male,98.219.187.230
252,Feodor,Grigoriscu,fgrigoriscu6z@typepad.com,Male,125.46.22.75
253,Pauli,Armit,parmit70@google.es,Female,24.118.30.213
254,Oberon,Bonanno,obonanno71@shutterfly.com,Male,21.50.33.9
255,Garwood,Blackborow,gblackborow72@bravesites.com,Male,250.172.60.61
256,Meade,Frays,mfrays73@zimbio.com,Female,188.12.92.90
257,Hakim,Risbridge,hrisbridge74@google.com.hk,Male,8.181.81.251
258,Aretha,Gibbin,agibbin75@ihg.com,Female,124.246.9.129
259,Alphonse,Pack,apack76@hud.gov,Male,17.84.166.170
260,Lammond,Trinbey,ltrinbey77@google.ca,Male,193.213.105.137
261,Teodora,Goward,tgoward78@walmart.com,Female,183.143.168.166
262,Elaine,Bovaird,ebovaird79@devhub.com,Female,132.71.32.23
263,Jorgan,Iannetti,jiannetti7a@rediff.com,Male,31.207.240.106
264,Bernhard,Piet,bpiet7b@so-net.ne.jp,Male,76.47.203.85
265,Nate,McEvilly,nmcevilly7c@slate.com,Male,116.40.51.98
266,Devinne,Tacon,dtacon7d@samsung.com,Female,220.59.168.232
267,Kele,Horley,khorley7e@sbwire.com,Male,160.44.150.116
268,Holt,Trippack,htrippack7f@netlog.com,Male,47.138.6.243
269,Rhoda,Kareman,rkareman7g@ibm.com,Female,81.37.121.9
270,Orin,Mimmack,omimmack7h@nature.com,Male,62.112.235.67
271,Myra,Championnet,mchampionnet7i@edublogs.org,Female,209.80.189.57
272,Reade,Caitlin,rcaitlin7j@bbc.co.uk,Male,63.7.33.241
273,Jackelyn,Bydaway,jbydaway7k@pen.io,Female,33.45.174.187
274,Claudine,Mackin,cmackin7l@tumblr.com,Female,62.106.10.44
275,Trixi,Doxey,tdoxey7m@upenn.edu,Female,105.45.214.64
276,Brok,Rihanek,brihanek7n@instagram.com,Male,37.80.63.36
277,Westbrooke,Simonato,wsimonato7o@devhub.com,Male,187.79.147.5
278,Ermin,Perot,eperot7p@msn.com,Male,58.125.179.7
279,Janek,Oslar,joslar7q@redcross.org,Male,182.195.47.117
280,Peter,Yule,pyule7r@irs.gov,Male,143.16.190.48
281,Magdaia,Nesfield,mnesfield7s@cafepress.com,Female,246.200.83.177
282,Sergent,Wyles,swyles7t@dion.ne.jp,Male,225.48.8.100
283,Yoshi,Doumenc,ydoumenc7u@wikimedia.org,Female,36.49.229.9
284,Cully,Doogue,cdoogue7v@disqus.com,Male,173.162.145.65
285,Vasilis,Stafford,vstafford7w@blinklist.com,Male,39.194.150.26
286,Anica,Bagley,abagley7x@bizjournals.com,Female,33.175.183.108
287,Ave,Mitchelhill,amitchelhill7y@tuttocitta.it,Male,34.218.213.50
288,Kinnie,Shrieve,kshrieve7z@stanford.edu,Male,215.56.83.36
289,Hodge,Vigne,hvigne80@ifeng.com,Male,53.20.18.168
290,Bell,Robjohns,brobjohns81@illinois.edu,Female,238.103.50.68
291,Conny,Alvin,calvin82@spotify.com,Female,156.251.46.27
292,Mackenzie,Aikett,maikett83@wufoo.com,Male,237.171.230.245
293,Dicky,Minghi,dminghi84@loc.gov,Male,47.82.57.200
294,Hatti,Haverson,hhaverson85@alibaba.com,Female,106.121.8.228
295,Charlene,Guerrieri,cguerrieri86@nih.gov,Female,31.73.90.234
296,Sawyer,Stranaghan,sstranaghan87@xrea.com,Male,228.170.191.87
297,Terrijo,Palke,tpalke88@altervista.org,Female,243.153.182.128
298,Terri,Cicconettii,tcicconettii89@examiner.com,Male,85.105.195.149
299,Eulalie,Scholte,escholte8a@linkedin.com,Female,104.150.138.219
300,Gayle,Salmons,gsalmons8b@ameblo.jp,Male,154.228.74.52
301,Wanda,Babst,wbabst8c@behance.net,Female,219.154.197.170
302,Crystal,Czajkowska,cczajkowska8d@ox.ac.uk,Female,149.218.163.28
303,Chase,Cuttell,ccuttell8e@topsy.com,Male,248.236.177.6
304,Riccardo,Bedrosian,rbedrosian8f@w3.org,Male,10.123.161.200
305,Chris,Tiery,ctiery8g@quantcast.com,Female,59.11.215.143
306,Edeline,Skittrell,eskittrell8h@harvard.edu,Female,35.190.45.31
307,Deanne,Fanshawe,dfanshawe8i@nasa.gov,Female,208.65.183.58
308,Pace,Fassan,pfassan8j@gravatar.com,Male,124.17.129.132
309,Hamish,Itscowics,hitscowics8k@moonfruit.com,Male,150.104.158.5
310,Rasia,MacCracken,rmaccracken8l@blinklist.com,Female,209.76.129.135
311,Othelia,Lyvon,olyvon8m@xrea.com,Female,109.14.120.95
312,Augustine,Hanratty,ahanratty8n@businessweek.com,Female,206.9.153.155
313,Melicent,De Souza,mdesouza8o@stumbleupon.com,Female,253.16.42.210
314,Margie,Borrows,mborrows8p@chronoengine.com,Female,15.95.65.60
315,Fonz,Behr,fbehr8q@1und1.de,Male,93.147.233.228
316,Raychel,Karmel,rkarmel8r@usda.gov,Female,124.16.212.131
317,Lindy,Orbon,lorbon8s@google.com.au,Male,78.207.115.53
318,Huberto,Ikins,hikins8t@examiner.com,Male,0.36.248.186
319,Sigfrid,Newns,snewns8u@cloudflare.com,Male,220.171.23.246
320,Cassaundra,Brandenberg,cbrandenberg8v@wufoo.com,Female,22.24.127.68
321,Maggee,Petriello,mpetriello8w@dmoz.org,Female,117.28.94.143
322,Toddie,Pusey,tpusey8x@xing.com,Male,78.121.54.127
323,Ganny,Ithell,githell8y@dropbox.com,Male,75.209.92.186
324,Annaliese,Berggren,aberggren8z@census.gov,Female,208.208.207.99
325,Salem,Rymill,srymill90@army.mil,Male,69.88.213.11
326,Drusi,Wardington,dwardington91@ocn.ne.jp,Female,149.0.58.167
327,Hiram,McClenan,hmcclenan92@home.pl,Male,193.254.84.224
328,Jonathan,Paxton,jpaxton93@t.co,Male,191.191.226.181
329,Parry,Smales,psmales94@wikispaces.com,Male,215.102.185.202
330,Gran,Sand,gsand95@alibaba.com,Male,4.164.179.117
331,Tarra,Mort,tmort96@java.com,Female,145.50.30.72
332,Vanya,Stallybrass,vstallybrass97@blog.com,Female,53.87.194.92
333,Sal,Dorow,sdorow98@moonfruit.com,Female,81.197.39.12
334,Molly,Alfonso,malfonso99@cam.ac.uk,Female,92.91.13.60
335,Nataniel,Kemmer,nkemmer9a@reverbnation.com,Male,70.246.138.189
336,Ellswerth,Jeppe,ejeppe9b@spiegel.de,Male,60.175.124.22
337,Kincaid,Ludlom,kludlom9c@google.co.jp,Male,50.128.184.105
338,Celina,O'Howbane,cohowbane9d@google.com.au,Female,250.176.59.38
339,Avivah,Garlett,agarlett9e@whitehouse.gov,Female,205.48.158.78
340,Pavel,Digan,pdigan9f@shop-pro.jp,Male,74.57.41.121
341,Rosita,Disman,rdisman9g@baidu.com,Female,109.134.177.234
342,Skipp,Pasley,spasley9h@walmart.com,Male,24.108.46.16
343,Mufinella,Midson,mmidson9i@theguardian.com,Female,43.0.251.166
344,Rodrigo,Frobisher,rfrobisher9j@prweb.com,Male,145.73.125.193
345,Walt,Keoghan,wkeoghan9k@ifeng.com,Male,155.241.232.56
346,Melli,Leach,mleach9l@twitter.com,Female,19.94.97.182
347,Baird,Finker,bfinker9m@arstechnica.com,Male,190.171.79.178
348,Saxe,Brice,sbrice9n@phoca.cz,Male,215.74.230.207
349,Rubina,Climar,rclimar9o@apple.com,Female,249.167.17.28
350,Daven,Caherny,dcaherny9p@disqus.com,Male,200.95.102.149
351,Thain,Mayow,tmayow9q@europa.eu,Male,88.83.245.175
352,Veriee,Ferrillio,vferrillio9r@usnews.com,Female,126.127.226.187
353,Ware,Gribbon,wgribbon9s@skyrock.com,Male,110.179.212.135
354,Evvy,Probet,eprobet9t@cyberchimps.com,Female,237.28.168.75
355,Erina,Dubois,edubois9u@bloglovin.com,Female,155.150.159.251
356,Marylee,Schiell,mschiell9v@census.gov,Female,103.37.219.105
357,Beltran,Wermerling,bwermerling9w@redcross.org,Male,9.121.233.106
358,Paige,Giovanardi,pgiovanardi9x@bigcartel.com,Male,208.25.91.254
359,Frasco,Madden,fmadden9y@unc.edu,Male,63.96.254.113
360,Cesar,Bamlet,cbamlet9z@reuters.com,Male,190.109.142.74
361,Annice,Bofield,abofielda0@ycombinator.com,Female,231.91.249.2
362,Fara,Pantone,fpantonea1@e-recht24.de,Female,5.207.118.193
363,Melanie,Wilding,mwildinga2@microsoft.com,Female,209.224.122.54
364,Helen,Clere,hclerea3@guardian.co.uk,Female,200.139.230.80
365,Ken,Cudiff,kcudiffa4@oakley.com,Male,50.160.201.164
366,Christian,Oslar,coslara5@china.com.cn,Female,155.187.229.170
367,Archibald,Dombrell,adombrella6@domainmarket.com,Male,159.124.63.79
368,Sanford,Loader,sloadera7@va.gov,Male,99.82.157.140
369,Maxy,Shatford,mshatforda8@free.fr,Male,116.181.175.24
370,D'arcy,Budgey,dbudgeya9@smh.com.au,Male,4.104.49.77
371,Aldus,Gabb,agabbaa@51.la,Male,245.111.3.142
372,Concordia,Amer,camerab@amazon.com,Female,130.210.100.206
373,Schuyler,Thalmann,sthalmannac@artisteer.com,Male,72.21.118.157
374,Tuesday,McDougal,tmcdougalad@jiathis.com,Female,141.138.40.2
375,Maury,Pacher,mpacherae@mail.ru,Male,50.210.107.26
376,Brandi,Edler,bedleraf@google.fr,Female,81.34.241.95
377,Albertina,Bartak,abartakag@studiopress.com,Female,124.123.152.69
378,Jacobo,Crawford,jcrawfordah@independent.co.uk,Male,41.32.218.199
379,Madella,Kunath,mkunathai@amazon.co.jp,Female,173.21.14.57
380,Barnett,Nimmo,bnimmoaj@dailymail.co.uk,Male,227.221.45.125
381,Clio,Orhrt,corhrtak@shop-pro.jp,Female,137.171.164.220
382,Elwyn,Simm,esimmal@howstuffworks.com,Male,223.229.92.200
383,Arlene,Brunicke,abrunickeam@bbc.co.uk,Female,67.205.177.209
384,Xymenes,Mateev,xmateevan@nhs.uk,Male,185.62.69.131
385,Hillyer,Forge,hforgeao@ca.gov,Male,2.9.14.43
386,Virgil,Hilland,vhillandap@umich.edu,Male,251.163.87.67
387,Blinnie,Seacombe,bseacombeaq@thetimes.co.uk,Female,237.231.241.224
388,Drona,Glisenan,dglisenanar@slashdot.org,Female,176.81.59.237
389,Valentine,Laite,vlaiteas@webnode.com,Male,138.232.46.84
390,Cleon,Judkins,cjudkinsat@nba.com,Male,198.20.114.99
391,Malchy,Bernardino,mbernardinoau@thetimes.co.uk,Male,42.202.39.243
392,Hilton,Brownsword,hbrownswordav@printfriendly.com,Male,238.49.13.82
393,Tawsha,Balnave,tbalnaveaw@scribd.com,Female,177.80.158.74
394,Burnard,Simoens,bsimoensax@ucsd.edu,Male,195.169.107.7
395,Maegan,Pearlman,mpearlmanay@wikia.com,Female,221.19.242.78
396,Brok,Burberye,bburberyeaz@scribd.com,Male,58.244.15.119
397,Myrilla,Le Strange,mlestrangeb0@usgs.gov,Female,93.16.155.66
398,Gayla,Wieprecht,gwieprechtb1@zimbio.com,Female,28.189.121.176
399,Shea,Laughrey,slaughreyb2@nydailynews.com,Male,44.87.93.102
400,Celestyn,Dunbavin,cdunbavinb3@tumblr.com,Female,11.193.120.245
401,Nessi,Potzold,npotzoldb4@walmart.com,Female,47.34.44.240
402,Portia,Page,ppageb5@merriam-webster.com,Female,31.75.108.54
403,Ignaz,Chaloner,ichalonerb6@usgs.gov,Male,72.15.170.127
404,Mattias,Starkie,mstarkieb7@ucoz.com,Male,254.38.235.139
405,Godard,Wanklyn,gwanklynb8@oakley.com,Male,157.58.193.233
406,Walliw,Jasik,wjasikb9@instagram.com,Female,52.81.169.240
407,Derek,Launder,dlaunderba@java.com,Male,209.38.121.141
408,Rodger,Douche,rdouchebb@springer.com,Male,102.214.8.248
409,Barr,Glaum,bglaumbc@fda.gov,Male,21.178.139.144
410,Cornall,Huniwall,chuniwallbd@businesswire.com,Male,30.97.55.222
411,Lynelle,Piper,lpiperbe@engadget.com,Female,187.64.209.81
412,Katleen,Cherrison,kcherrisonbf@freewebs.com,Female,27.66.13.227
413,Randolf,Lamont,rlamontbg@livejournal.com,Male,215.33.69.193
414,Liam,O'Feeny,lofeenybh@uol.com.br,Male,24.188.114.82
415,Kaylee,Vorley,kvorleybi@bigcartel.com,Female,163.237.43.123
416,Ealasaid,Husthwaite,ehusthwaitebj@list-manage.com,Female,31.183.254.91
417,Leanna,Reneke,lrenekebk@vinaora.com,Female,115.196.167.29
418,Dwain,Coopper,dcoopperbl@taobao.com,Male,39.93.200.107
419,Ossie,Noad,onoadbm@creativecommons.org,Male,200.243.81.85
420,Micheil,Colville,mcolvillebn@google.com,Male,57.167.248.164
421,Delora,Ellington,dellingtonbo@livejournal.com,Female,39.38.87.50
422,Myrtia,Stokes,mstokesbp@scientificamerican.com,Female,14.139.92.42
423,Hamlin,Kalf,hkalfbq@sogou.com,Male,209.255.43.192
424,Desmond,Kennedy,dkennedybr@mtv.com,Male,225.34.220.108
425,Wally,Fearick,wfearickbs@apple.com,Female,139.160.12.154
426,Elane,Edge,eedgebt@ovh.net,Female,20.65.108.27
427,Codee,Dawes,cdawesbu@unesco.org,Female,114.138.245.236
428,Engelbert,Swaffer,eswafferbv@is.gd,Male,138.113.16.136
429,Tobie,Skitch,tskitchbw@squarespace.com,Male,211.226.90.193
430,Nichols,Folan,nfolanbx@over-blog.com,Male,188.104.36.72
431,Etta,Malloch,emallochby@google.ru,Female,168.81.79.114
432,Anette,Ribey,aribeybz@ed.gov,Female,188.119.155.111
433,Steffen,Marages,smaragesc0@state.gov,Male,221.172.104.205
434,Alexandros,Olliffe,aolliffec1@clickbank.net,Male,59.232.1.36
435,Carmelia,Ubsdell,cubsdellc2@umn.edu,Female,164.59.251.193
436,Korey,Emmerson,kemmersonc3@army.mil,Male,169.103.116.141
437,August,Thickpenny,athickpennyc4@springer.com,Male,216.121.3.156
438,Inessa,Billion,ibillionc5@tripadvisor.com,Female,34.240.237.251
439,Rochette,Penke,rpenkec6@yellowpages.com,Female,187.27.146.144
440,Donnajean,Baylay,dbaylayc7@discuz.net,Female,138.153.12.184
441,Jilly,Mablestone,jmablestonec8@1688.com,Female,250.139.180.220
442,Virgina,Kitchin,vkitchinc9@answers.com,Female,143.26.68.210
443,Krissy,Haselwood,khaselwoodca@who.int,Female,169.64.125.171
444,Adelina,Bagwell,abagwellcb@patch.com,Female,163.62.245.0
445,Kathe,Nerger,knergercc@answers.com,Female,129.207.91.45
446,Diandra,Dwane,ddwanecd@latimes.com,Female,159.102.35.114
447,Dwain,Kop,dkopce@simplemachines.org,Male,218.192.235.136
448,Jessie,Leinthall,jleinthallcf@taobao.com,Female,60.31.181.87
449,Creight,Southall,csouthallcg@artisteer.com,Male,180.157.227.89
450,Vita,Bilovus,vbilovusch@techcrunch.com,Female,6.206.206.219
451,Whitney,Gard,wgardci@usnews.com,Female,101.115.243.119
452,Dorolisa,Chiddy,dchiddycj@wordpress.com,Female,105.225.81.251
453,Aldridge,Jorat,ajoratck@nps.gov,Male,223.53.39.183
454,Juliane,Shoebotham,jshoebothamcl@miibeian.gov.cn,Female,54.188.249.201
455,Verney,Garner,vgarnercm@furl.net,Male,127.53.189.212
456,Bronny,Caseley,bcaseleycn@fda.gov,Male,203.138.61.156
457,Idalina,Ourry,iourryco@elpais.com,Female,115.97.27.96
458,Geoffrey,Dendon,gdendoncp@ehow.com,Male,65.168.252.180
459,Kennett,Bricksey,kbrickseycq@scientificamerican.com,Male,138.152.43.123
460,Rodrique,Errey,rerreycr@hhs.gov,Male,62.169.87.33
461,Chandler,Vurley,cvurleycs@examiner.com,Male,67.220.242.199
462,Waylon,Rohlfs,wrohlfsct@yahoo.com,Male,105.114.26.203
463,Noel,Wanne,nwannecu@cocolog-nifty.com,Female,96.244.142.199
464,Reuven,O'Shiels,roshielscv@businessinsider.com,Male,35.201.200.240
465,Kerrill,Noye,knoyecw@unicef.org,Female,132.46.40.180
466,Allison,Braunton,abrauntoncx@ox.ac.uk,Female,169.30.77.71
467,Larry,Davidovitch,ldavidovitchcy@skype.com,Male,177.127.48.200
468,Derk,Ward,dwardcz@arizona.edu,Male,171.105.122.204
469,Noel,Ravens,nravensd0@instagram.com,Female,3.92.116.110
470,Reagen,Overstall,roverstalld1@godaddy.com,Male,223.213.114.87
471,Glyn,Stoakes,gstoakesd2@myspace.com,Female,250.123.91.174
472,Sophronia,Burnyate,sburnyated3@1und1.de,Female,126.160.4.125
473,Silas,McIllroy,smcillroyd4@boston.com,Male,85.208.202.191
474,Lillis,Fellos,lfellosd5@fastcompany.com,Female,35.163.90.188
475,Kalli,Dagnan,kdagnand6@nydailynews.com,Female,24.46.176.20
476,Elwin,Dunnet,edunnetd7@state.gov,Male,64.242.48.147
477,Gauthier,MacConnulty,gmacconnultyd8@marketwatch.com,Male,89.159.219.118
478,Judon,Hurcombe,jhurcombed9@yolasite.com,Male,48.30.147.29
479,Karita,Wimlett,kwimlettda@phpbb.com,Female,229.105.122.94
480,Preston,Ewing,pewingdb@dmoz.org,Male,21.112.88.124
481,William,Ferebee,wferebeedc@fda.gov,Male,50.7.221.130
482,Margit,Sasser,msasserdd@alexa.com,Female,142.28.191.221
483,Franky,Scarrott,fscarrottde@bloglovin.com,Male,244.225.98.124
484,Branden,Golland,bgollanddf@nyu.edu,Male,147.199.77.216
485,Shannon,Garner,sgarnerdg@chronoengine.com,Male,122.93.167.139
486,Gill,Spurrior,gspurriordh@nifty.com,Male,40.14.90.148
487,Eben,Jackman,ejackmandi@foxnews.com,Male,15.54.183.145
488,Kelby,Casassa,kcasassadj@yellowpages.com,Male,139.30.48.117
489,Hubie,Leving,hlevingdk@php.net,Male,28.71.81.101
490,Mira,Killcross,mkillcrossdl@mapy.cz,Female,55.8.23.19
491,Katey,Gathwaite,kgathwaitedm@shareasale.com,Female,184.229.85.17
492,Farr,McBrearty,fmcbreartydn@youtube.com,Male,219.45.207.58
493,Nichols,Hollidge,nhollidgedo@de.vu,Male,42.157.173.18
494,Carroll,Boffin,cboffindp@mashable.com,Female,3.196.57.29
495,Gabe,Chidgey,gchidgeydq@parallels.com,Male,85.250.120.179
496,Chaddy,Sellers,csellersdr@chron.com,Male,53.59.150.150
497,Jamison,Elnor,jelnords@eepurl.com,Male,144.51.255.236
498,Annabell,Baudain,abaudaindt@prlog.org,Female,112.30.44.157
499,Dasha,Davidsohn,ddavidsohndu@goo.ne.jp,Female,146.36.52.183
500,Novelia,Ashbolt,nashboltdv@huffingtonpost.com,Female,210.226.226.168
501,Gerald,Rumble,grumbledw@patch.com,Male,225.11.166.227
502,Cazzie,Huckabe,chuckabedx@un.org,Male,127.9.136.145
503,Mart,Keasley,mkeasleydy@ocn.ne.jp,Male,169.171.206.93
504,Syd,McAlroy,smcalroydz@tinypic.com,Male,177.45.89.156
505,Sauveur,Warre,swarree0@photobucket.com,Male,246.32.101.246
506,Brandy,Meneghi,bmeneghie1@forbes.com,Male,154.58.40.16
507,Christina,Antognetti,cantognettie2@weibo.com,Female,236.173.19.71
508,Kristyn,Fretter,kfrettere3@baidu.com,Female,116.125.93.115
509,Hersch,Nosworthy,hnosworthye4@blogspot.com,Male,128.163.162.2
510,Deidre,Yann,dyanne5@furl.net,Female,72.106.234.48
511,Etienne,Hullin,ehulline6@epa.gov,Male,96.206.1.95
512,Nickey,Dounbare,ndounbaree7@apple.com,Male,11.47.253.187
513,Lissa,McLaughlan,lmclaughlane8@netscape.com,Female,245.122.250.117
514,Christina,Osipenko,cosipenkoe9@newsvine.com,Female,9.115.195.60
515,Ransell,Deddum,rdeddumea@whitehouse.gov,Male,133.133.102.205
516,Dominik,Rosendall,drosendalleb@163.com,Male,158.98.235.20
517,Malory,Hairsnape,mhairsnapeec@51.la,Female,88.203.221.239
518,Florie,Zammett,fzammetted@plala.or.jp,Female,185.95.113.3
519,Roda,Gravell,rgravellee@alibaba.com,Female,74.88.13.123
520,Beulah,Dulinty,bdulintyef@webeden.co.uk,Female,73.111.226.54
521,Kermy,Colleer,kcolleereg@hhs.gov,Male,99.130.179.175
522,Wat,Chittie,wchittieeh@fc2.com,Male,95.252.121.202
523,Milty,Bartoszek,mbartoszekei@ebay.co.uk,Male,217.237.253.186
524,Levey,Axtell,laxtellej@bloglovin.com,Male,236.223.247.64
525,Briant,Howe,bhoweek@delicious.com,Male,53.3.182.94
526,Emmalyn,Lobb,elobbel@amazon.co.jp,Female,13.120.37.246
527,Boothe,Cavill,bcavillem@bloglines.com,Male,74.65.110.46
528,Shay,Mathevet,smatheveten@hubpages.com,Male,43.157.184.102
529,Melodie,Whate,mwhateeo@facebook.com,Female,12.248.99.172
530,Tish,Chimenti,tchimentiep@simplemachines.org,Female,111.247.69.183
531,Dara,Courtliff,dcourtliffeq@cloudflare.com,Female,132.145.107.107
532,Bert,Tetla,btetlaer@ehow.com,Female,92.83.34.14
533,Prentice,Tebald,ptebaldes@mapquest.com,Male,185.13.21.188
534,Sibylla,Burwell,sburwellet@cloudflare.com,Female,50.161.162.127
535,Tyrus,Bernaciak,tbernaciakeu@ucla.edu,Male,191.68.25.44
536,Margarita,McFarland,mmcfarlandev@amazon.co.jp,Female,164.38.203.29
537,Port,Gurney,pgurneyew@icio.us,Male,119.153.143.69
538,Rhiamon,Broxup,rbroxupex@about.com,Female,127.20.251.186
539,Marlo,Tolmie,mtolmieey@wikispaces.com,Male,201.63.131.182
540,Reagan,Szimon,rszimonez@chronoengine.com,Male,21.53.25.7
541,Layton,Linklater,llinklaterf0@exblog.jp,Male,101.124.16.226
542,Rhoda,Lochead,rlocheadf1@icq.com,Female,82.196.234.93
543,Giana,Aviss,gavissf2@live.com,Female,52.188.208.128
544,Emlyn,Petchell,epetchellf3@theatlantic.com,Male,138.3.250.38
545,Sergio,Osborne,sosbornef4@e-recht24.de,Male,111.155.9.245
546,Christal,Tallet,ctalletf5@amazonaws.com,Female,239.135.131.23
547,Dylan,Horlock,dhorlockf6@disqus.com,Male,0.36.133.40
548,Thain,Vasquez,tvasquezf7@t.co,Male,0.34.182.59
549,Devora,Struys,dstruysf8@purevolume.com,Female,166.208.243.64
550,Sela,Sandyford,ssandyfordf9@walmart.com,Female,45.5.215.76
551,Maurizia,Ridger,mridgerfa@twitter.com,Female,146.242.100.137
552,Ian,Talkington,italkingtonfb@google.pl,Male,73.76.62.37
553,Wren,Bynert,wbynertfc@artisteer.com,Female,195.86.58.17
554,Silvia,Bimrose,sbimrosefd@pinterest.com,Female,253.230.166.73
555,Dag,Woolham,dwoolhamfe@typepad.com,Male,95.246.46.63
556,Owen,Jakubovicz,ojakuboviczff@tumblr.com,Male,106.247.19.176
557,Claudia,Widocks,cwidocksfg@ed.gov,Female,119.221.46.157
558,Basilius,Jaqueme,bjaquemefh@nbcnews.com,Male,202.8.75.201
559,Arlen,Pulsford,apulsfordfi@discovery.com,Female,221.242.49.178
560,Clemente,Tamburo,ctamburofj@bloglines.com,Male,177.177.181.157
561,Noella,Kitteridge,nkitteridgefk@discuz.net,Female,125.253.31.192
562,Christy,Aldis,caldisfl@csmonitor.com,Female,175.95.130.151
563,Dieter,Gaylard,dgaylardfm@va.gov,Male,25.82.88.172
564,Earl,Lobe,elobefn@github.com,Male,15.14.111.157
565,Jeannine,Ourtic,jourticfo@telegraph.co.uk,Female,253.249.106.232
566,Lombard,Antonopoulos,lantonopoulosfp@omniture.com,Male,41.172.67.43
567,Lacey,Vedeneev,lvedeneevfq@boston.com,Female,154.121.229.2
568,Viva,Gettins,vgettinsfr@answers.com,Female,85.77.138.50
569,Eamon,Morville,emorvillefs@unblog.fr,Male,136.133.7.232
570,Auberta,MacKilroe,amackilroeft@cornell.edu,Female,136.40.218.229
571,Maria,Lusher,mlusherfu@cocolog-nifty.com,Female,24.128.81.9
572,Catharina,Beggi,cbeggifv@sun.com,Female,86.78.22.192
573,Jacinta,Croston,jcrostonfw@nbcnews.com,Female,214.30.96.49
574,Hollis,Moakson,hmoaksonfx@amazon.de,Male,130.86.54.93
575,Sax,Kerman,skermanfy@cnn.com,Male,213.57.90.141
576,Britt,Jellicorse,bjellicorsefz@ucoz.ru,Female,180.168.167.219
577,Sammy,Durtnall,sdurtnallg0@msu.edu,Male,3.36.220.253
578,Alfons,Carleton,acarletong1@is.gd,Male,189.89.219.164
579,Jacki,Creaser,jcreaserg2@diigo.com,Female,218.30.167.246
580,Ronald,Rennox,rrennoxg3@mediafire.com,Male,68.147.116.44
581,Steve,Coley,scoleyg4@usda.gov,Male,131.227.36.171
582,Novelia,Delafoy,ndelafoyg5@tumblr.com,Female,41.54.154.47
583,Quentin,Durden,qdurdeng6@reverbnation.com,Male,24.201.100.137
584,Juliana,Brand-Hardy,jbrandhardyg7@myspace.com,Female,66.151.246.84
585,Noble,Klebes,nklebesg8@hc360.com,Male,178.12.216.93
586,Myrle,Burgoyne,mburgoyneg9@chron.com,Female,19.238.189.110
587,Patrice,Liell,pliellga@fotki.com,Female,236.242.92.136
588,Darby,Ludford,dludfordgb@youku.com,Female,59.70.194.158
589,Nataline,Richings,nrichingsgc@is.gd,Female,82.231.229.194
590,Bo,Maud,bmaudgd@wikipedia.org,Male,151.22.118.149
591,Juieta,Geistbeck,jgeistbeckge@bloglines.com,Female,201.115.39.225
592,Brander,Coleford,bcolefordgf@rakuten.co.jp,Male,220.163.101.154
593,Sapphira,Paolotto,spaolottogg@vkontakte.ru,Female,30.247.52.2
594,Francisco,Thorneley,fthorneleygh@indiatimes.com,Male,170.18.49.237
595,Ange,Dickson,adicksongi@economist.com,Male,5.18.138.58
596,Michele,Demcak,mdemcakgj@psu.edu,Male,251.227.133.53
597,Kaine,Atherton,kathertongk@patch.com,Male,160.111.251.153
598,Pasquale,Jeves,pjevesgl@jalbum.net,Male,30.54.174.208
599,Shayla,Mailey,smaileygm@marketwatch.com,Female,116.103.29.80
600,Saxon,Sneath,ssneathgn@ca.gov,Male,66.27.45.194
601,Dusty,Fashion,dfashiongo@flickr.com,Female,175.154.120.129
602,Desdemona,Beasleigh,dbeasleighgp@go.com,Female,85.18.131.35
603,Lanna,Simpkins,lsimpkinsgq@army.mil,Female,41.117.234.117
604,Jerrylee,Fereday,jferedaygr@qq.com,Female,168.114.93.208
605,Dayle,Kermannes,dkermannesgs@ft.com,Female,22.38.198.210
606,Sigismundo,Helmke,shelmkegt@slate.com,Male,171.38.182.245
607,Fancie,Mussotti,fmussottigu@live.com,Female,16.18.3.6
608,Mallorie,Templar,mtemplargv@mysql.com,Female,199.107.92.203
609,Daven,Delia,ddeliagw@ox.ac.uk,Male,140.168.84.107
610,Stacy,Vahey,svaheygx@webeden.co.uk,Female,79.63.42.78
611,Nikaniki,Frew,nfrewgy@answers.com,Female,170.64.162.63
612,Tamara,Kibble,tkibblegz@umn.edu,Female,4.98.76.97
613,Fanni,Hurdman,fhurdmanh0@homestead.com,Female,243.54.62.53
614,Nerita,Valasek,nvalasekh1@time.com,Female,249.149.47.163
615,Frederic,Anstead,fansteadh2@umn.edu,Male,26.76.72.110
616,Vick,Castanaga,vcastanagah3@berkeley.edu,Male,216.14.152.136
617,Shaun,Gerkens,sgerkensh4@intel.com,Male,155.215.35.164
618,Elane,Papps,epappsh5@tuttocitta.it,Female,57.252.103.184
619,Stephenie,Sousa,ssousah6@icq.com,Female,162.172.138.132
620,Robbi,Blaney,rblaneyh7@blogger.com,Female,216.100.243.157
621,Kincaid,Rosa,krosah8@delicious.com,Male,146.190.191.143
622,Mercie,Gripton,mgriptonh9@amazon.com,Female,40.214.136.56
623,Madella,Poulett,mpoulettha@surveymonkey.com,Female,203.127.223.40
624,Skyler,McTerlagh,smcterlaghhb@google.com.br,Male,44.112.224.93
625,Florette,Bollin,fbollinhc@people.com.cn,Female,19.1.47.239
626,Winifield,Tarrier,wtarrierhd@walmart.com,Male,77.202.173.16
627,Axel,Braidon,abraidonhe@springer.com,Male,214.195.97.17
628,Arlan,Geistbeck,ageistbeckhf@i2i.jp,Male,206.152.194.152
629,Constantina,Tock,ctockhg@businessinsider.com,Female,194.13.93.190
630,Ruby,Yonge,ryongehh@yellowpages.com,Male,196.88.125.21
631,Marty,Pulsford,mpulsfordhi@nba.com,Female,246.115.223.189
632,Alex,Macklam,amacklamhj@imgur.com,Male,190.177.113.5
633,Edan,Tomczykiewicz,etomczykiewiczhk@blogspot.com,Male,113.57.0.31
634,Jameson,Hauch,jhauchhl@xing.com,Male,136.144.95.74
635,Mata,Tarpey,mtarpeyhm@devhub.com,Male,52.111.141.130
636,Doralin,Maddigan,dmaddiganhn@ning.com,Female,34.212.150.217
637,Elvis,Brimner,ebrimnerho@nih.gov,Male,133.229.216.122
638,Conrad,Tizard,ctizardhp@skyrock.com,Male,97.151.170.124
639,Koo,Crier,kcrierhq@csmonitor.com,Female,139.224.250.81
640,Raeann,Molineux,rmolineuxhr@wired.com,Female,83.179.248.46
641,Lonnard,Crevy,lcrevyhs@earthlink.net,Male,134.61.1.84
642,Buddie,Cordle,bcordleht@acquirethisname.com,Male,171.100.102.247
643,Lucio,De la Yglesias,ldelayglesiashu@t.co,Male,196.254.232.227
644,Korella,Line,klinehv@nifty.com,Female,237.84.170.212
645,Jami,Pautot,jpautothw@msn.com,Female,66.190.55.165
646,Traver,Nuzzti,tnuzztihx@woothemes.com,Male,229.142.109.126
647,Kris,Cordaroy,kcordaroyhy@virginia.edu,Male,150.102.178.100
648,Siana,Gostling,sgostlinghz@gravatar.com,Female,71.9.25.160
649,Gabbie,Matokhnin,gmatokhnini0@noaa.gov,Male,190.188.74.178
650,Stanfield,Rothera,srotherai1@house.gov,Male,188.106.52.0
651,Dewey,MacKain,dmackaini2@smh.com.au,Male,94.252.233.81
652,Christabella,Hutcheon,chutcheoni3@gizmodo.com,Female,157.2.59.49
653,Robyn,Richardes,rrichardesi4@mediafire.com,Female,58.251.171.18
654,Eduard,Antonnikov,eantonnikovi5@google.es,Male,103.123.17.244
655,Kimmie,Hugill,khugilli6@1und1.de,Female,48.151.226.228
656,Stevena,Volk,svolki7@netlog.com,Female,250.5.181.112
657,Pascal,Posner,pposneri8@netvibes.com,Male,92.103.45.42
658,Isabeau,Bowles,ibowlesi9@ocn.ne.jp,Female,236.191.133.198
659,Rich,McCrone,rmccroneia@bigcartel.com,Male,43.65.150.71
660,Regen,Sole,rsoleib@constantcontact.com,Male,210.144.95.85
661,Leticia,Wishkar,lwishkaric@dyndns.org,Female,159.71.212.114
662,Chane,Croneen,ccroneenid@booking.com,Male,224.205.204.11
663,Francesco,Brazur,fbrazurie@apache.org,Male,195.253.12.103
664,Suzy,Apps,sappsif@theguardian.com,Female,222.184.106.7
665,Marge,Rosin,mrosinig@cbc.ca,Female,77.180.218.235
666,Berny,Paulo,bpauloih@eepurl.com,Male,38.203.170.92
667,Ivette,Bukowski,ibukowskiii@economist.com,Female,162.236.147.122
668,Connor,Cusick,ccusickij@apple.com,Male,146.38.202.124
669,Vin,Edlyn,vedlynik@intel.com,Male,111.76.62.247
670,Reina,Risby,rrisbyil@canalblog.com,Female,201.32.157.238
671,Gregoire,Jobbins,gjobbinsim@example.com,Male,169.99.254.6
672,Jeniece,De Vaan,jdevaanin@ameblo.jp,Female,97.249.224.62
673,Nevile,Friary,nfriaryio@technorati.com,Male,215.241.149.228
674,Elinore,Northcott,enorthcottip@i2i.jp,Female,218.93.45.171
675,Myrvyn,McCullen,mmcculleniq@xing.com,Male,61.96.141.188
676,Fairlie,Currao,fcurraoir@ow.ly,Male,215.216.215.74
677,Leonhard,Meyer,lmeyeris@clickbank.net,Male,91.254.215.229
678,Nada,Chafer,nchaferit@forbes.com,Female,96.187.34.143
679,Godard,Mourant,gmourantiu@sohu.com,Male,154.114.169.148
680,Nahum,Blogg,nbloggiv@netlog.com,Male,227.115.180.30
681,Madalyn,Bellows,mbellowsiw@bbb.org,Female,201.185.94.99
682,Scotti,Calderon,scalderonix@telegraph.co.uk,Male,253.207.68.169
683,Corine,Aylwin,caylwiniy@instagram.com,Female,89.93.27.43
684,Essa,Lineker,elinekeriz@adobe.com,Female,79.254.61.31
685,Hildy,Elliott,helliottj0@dagondesign.com,Female,67.78.66.207
686,Rafaellle,Dalliwater,rdalliwaterj1@purevolume.com,Male,184.131.213.158
687,Avictor,Stede,astedej2@woothemes.com,Male,241.151.89.254
688,Hedvige,Barthorpe,hbarthorpej3@blogtalkradio.com,Female,6.64.239.63
689,Adelle,Aleswell,aaleswellj4@wikispaces.com,Female,196.24.187.135
690,Betsey,Messager,bmessagerj5@theglobeandmail.com,Female,75.197.183.67
691,Babbette,Heard,bheardj6@friendfeed.com,Female,174.196.225.139
692,Stephine,Bagshaw,sbagshawj7@psu.edu,Female,2.106.168.137
693,Cal,Gissing,cgissingj8@cisco.com,Male,172.250.226.205
694,Phil,Punter,ppunterj9@parallels.com,Female,189.252.133.245
695,Mauricio,Willey,mwilleyja@who.int,Male,194.219.210.128
696,Nichole,Selwood,nselwoodjb@shinystat.com,Female,149.120.118.193
697,Ashton,Flounders,afloundersjc@tumblr.com,Male,16.86.156.81
698,Elyn,Durning,edurningjd@mozilla.org,Female,221.63.6.38
699,Zaccaria,Jaumet,zjaumetje@chicagotribune.com,Male,35.250.24.156
700,Hollie,Beswick,hbeswickjf@joomla.org,Female,22.118.227.97
701,Care,Spencock,cspencockjg@sogou.com,Male,59.250.27.5
702,Edgar,Child,echildjh@va.gov,Male,56.35.114.34
703,Ashli,Kenion,akenionji@dedecms.com,Female,102.196.61.162
704,Doralyn,Rimour,drimourjj@reference.com,Female,242.139.182.37
705,Rob,Tysall,rtysalljk@yale.edu,Male,208.20.165.112
706,Lars,Forde,lfordejl@storify.com,Male,113.240.223.205
707,Stormy,Guillerman,sguillermanjm@paypal.com,Female,148.45.118.2
708,Thaxter,Frigout,tfrigoutjn@tripadvisor.com,Male,184.208.19.29
709,Tommy,Crystal,tcrystaljo@mashable.com,Male,209.76.244.121
710,Alyss,Churchard,achurchardjp@geocities.jp,Female,59.111.120.215
711,Lyndsey,Minghella,lminghellajq@lycos.com,Female,52.89.227.110
712,Bancroft,Mallinar,bmallinarjr@vkontakte.ru,Male,58.205.95.24
713,Martha,Goldman,mgoldmanjs@theglobeandmail.com,Female,153.116.248.220
714,Cordie,Allicock,callicockjt@hao123.com,Female,253.62.141.223
715,Davis,McJarrow,dmcjarrowju@washington.edu,Male,191.44.255.135
716,Elane,Gerleit,egerleitjv@smugmug.com,Female,39.239.2.251
717,Fitz,Breslau,fbreslaujw@gov.uk,Male,162.30.167.233
718,Derek,Redholes,dredholesjx@google.ru,Male,34.197.11.76
719,Betsey,Yablsley,byablsleyjy@blogger.com,Female,97.253.199.91
720,Theodor,Welden,tweldenjz@pcworld.com,Male,100.219.59.26
721,Peirce,Batisse,pbatissek0@go.com,Male,55.81.160.126
722,Kyle,Bloxam,kbloxamk1@dyndns.org,Male,209.191.144.18
723,Iolanthe,Gallamore,igallamorek2@admin.ch,Female,253.255.9.47
724,Neilla,Cornilli,ncornillik3@ed.gov,Female,226.175.129.172
725,Loria,Jakab,ljakabk4@youtu.be,Female,44.176.41.222
726,Rochella,Barks,rbarksk5@g.co,Female,32.71.135.48
727,Thorsten,Matula,tmatulak6@ucoz.ru,Male,230.237.94.44
728,Barnabas,Ankrett,bankrettk7@adobe.com,Male,30.86.222.158
729,Hastie,Atrill,hatrillk8@quantcast.com,Male,34.210.48.59
730,Mufinella,Stoggell,mstoggellk9@amazon.co.uk,Female,221.1.92.244
731,Sarina,Jiroutek,sjiroutekka@networkadvertising.org,Female,5.161.243.223
732,Gottfried,Costigan,gcostigankb@twitpic.com,Male,96.90.4.128
733,Steven,Jemison,sjemisonkc@google.com,Male,157.129.100.127
734,Alvin,Boule,aboulekd@moonfruit.com,Male,99.16.90.19
735,Cairistiona,Thirtle,cthirtleke@wufoo.com,Female,69.245.188.55
736,Lenci,Causton,lcaustonkf@amazon.de,Male,73.204.211.236
737,Becki,Kimbury,bkimburykg@google.es,Female,87.208.220.122
738,Modestia,Gaveltone,mgaveltonekh@cdbaby.com,Female,208.107.69.229
739,Adria,Cancellieri,acancellieriki@google.co.uk,Female,252.15.121.120
740,Roda,Divis,rdiviskj@google.fr,Female,198.142.238.96
741,Evey,Manners,emannerskk@ustream.tv,Female,72.123.188.140
742,Mattias,Gobat,mgobatkl@google.ca,Male,216.192.107.186
743,Annemarie,Liverock,aliverockkm@t.co,Female,68.199.176.4
744,Humfrid,Jeavons,hjeavonskn@technorati.com,Male,204.166.118.140
745,Marrissa,Grioli,mgrioliko@google.co.uk,Female,140.26.114.196
746,Lyda,Fearnehough,lfearnehoughkp@google.de,Female,31.73.203.110
747,Esteban,Northedge,enorthedgekq@toplist.cz,Male,38.61.106.11
748,Albertina,Honnan,ahonnankr@cloudflare.com,Female,213.67.86.123
749,Agna,Lerego,aleregoks@printfriendly.com,Female,149.120.242.163
750,Rodge,Innocenti,rinnocentikt@europa.eu,Male,123.84.172.224
751,Sampson,Barson,sbarsonku@businessweek.com,Male,69.146.243.213
752,Kathy,Garley,kgarleykv@chicagotribune.com,Female,8.151.253.74
753,Udall,Bartelli,ubartellikw@alexa.com,Male,172.186.25.143
754,Kory,Clail,kclailkx@latimes.com,Male,228.237.219.201
755,Monti,Byrd,mbyrdky@independent.co.uk,Male,51.189.20.43
756,Vivi,Pezey,vpezeykz@google.com.hk,Female,15.50.240.244
757,Bobine,Englefield,benglefieldl0@omniture.com,Female,137.10.157.42
758,Brewster,Chadbourne,bchadbournel1@unblog.fr,Male,160.200.47.159
759,Verile,Garthside,vgarthsidel2@springer.com,Female,16.42.200.177
760,Verge,Yoakley,vyoakleyl3@edublogs.org,Male,234.33.52.254
761,Barbara-anne,Dowry,bdowryl4@cloudflare.com,Female,203.253.157.103
762,Nap,Brogden,nbrogdenl5@skype.com,Male,235.96.9.227
763,Robinet,Drewry,rdrewryl6@pinterest.com,Female,253.58.113.176
764,Mireielle,Leys,mleysl7@mozilla.com,Female,64.61.136.37
765,Audra,Castiglioni,acastiglionil8@blogspot.com,Female,231.97.245.120
766,Germain,Botwood,gbotwoodl9@wiley.com,Male,100.32.121.9
767,Rosie,Henmarsh,rhenmarshla@bbc.co.uk,Female,17.100.91.111
768,Petronia,Shadrach,pshadrachlb@comcast.net,Female,70.52.144.38
769,Yankee,Westmerland,ywestmerlandlc@reverbnation.com,Male,130.8.30.77
770,Ransom,Levitt,rlevittld@seattletimes.com,Male,170.107.79.209
771,Kate,Chadwell,kchadwellle@delicious.com,Female,45.84.13.68
772,Lara,Viall,lvialllf@creativecommons.org,Female,196.42.60.106
773,Thia,Koschek,tkoscheklg@bravesites.com,Female,133.28.124.249
774,Lisbeth,Hutton,lhuttonlh@yahoo.com,Female,138.115.178.181
775,Charlie,MacMillan,cmacmillanli@nba.com,Male,84.12.8.144
776,Nickolaus,Bastie,nbastielj@weibo.com,Male,98.226.216.84
777,Georas,Votier,gvotierlk@t-online.de,Male,218.142.232.173
778,Nerte,Fishe,nfishell@constantcontact.com,Female,231.71.35.251
779,Oona,Sinderland,osinderlandlm@java.com,Female,204.18.2.1
780,Robinetta,Newlin,rnewlinln@istockphoto.com,Female,170.193.62.196
781,Germain,Martinec,gmartineclo@wired.com,Female,75.130.43.141
782,Ara,Orme,aormelp@so-net.ne.jp,Male,202.9.164.13
783,Gwendolen,Lakey,glakeylq@whitehouse.gov,Female,154.128.151.117
784,Patten,Killford,pkillfordlr@vimeo.com,Male,12.185.211.167
785,Genevieve,Piolli,gpiollils@lulu.com,Female,249.105.215.234
786,Oliver,Hawyes,ohawyeslt@huffingtonpost.com,Male,78.204.121.134
787,Bryce,Waycott,bwaycottlu@mozilla.com,Male,195.132.163.48
788,Matilda,Bigglestone,mbigglestonelv@taobao.com,Female,38.187.34.171
789,Fran,Elmhirst,felmhirstlw@china.com.cn,Female,127.53.132.164
790,Willie,Shattock,wshattocklx@hugedomains.com,Male,78.63.32.184
791,Noach,Millea,nmillealy@netvibes.com,Male,218.238.157.14
792,Olivie,Samsonsen,osamsonsenlz@wisc.edu,Female,136.230.227.84
793,Bess,Comino,bcominom0@artisteer.com,Female,73.76.31.222
794,Base,Brayford,bbrayfordm1@biglobe.ne.jp,Male,190.180.145.88
795,Ruthie,Madine,rmadinem2@ucsd.edu,Female,206.213.195.89
796,Jerrold,Brudenell,jbrudenellm3@pcworld.com,Male,124.152.237.248
797,Modestia,Kelsow,mkelsowm4@ustream.tv,Female,70.7.252.101
798,Darleen,Flanagan,dflanaganm5@free.fr,Female,44.101.235.127
799,Emmalee,Hartrick,ehartrickm6@prlog.org,Female,13.69.89.127
800,Karney,Bothen,kbothenm7@bbc.co.uk,Male,29.255.31.3
801,Kissie,De Giorgi,kdegiorgim8@rakuten.co.jp,Female,38.149.9.159
802,Chris,Satchell,csatchellm9@goodreads.com,Male,79.45.164.211
803,Filippo,Colvin,fcolvinma@zimbio.com,Male,37.200.33.121
804,Thalia,Kollasch,tkollaschmb@blog.com,Female,106.53.93.227
805,Gizela,Sommers,gsommersmc@freewebs.com,Female,23.163.52.30
806,Lazar,Kerswell,lkerswellmd@irs.gov,Male,121.242.29.76
807,Faye,Kinton,fkintonme@taobao.com,Female,83.203.234.13
808,Agata,Dike,adikemf@1und1.de,Female,156.27.239.110
809,Dora,Hawes,dhawesmg@surveymonkey.com,Female,7.164.161.34
810,Augusto,Hartshorne,ahartshornemh@mediafire.com,Male,194.38.123.118
811,Tuck,Syson,tsysonmi@seesaa.net,Male,236.240.122.190
812,Rachael,Dalla,rdallamj@lulu.com,Female,224.84.39.174
813,Otto,St. Hill,osthillmk@china.com.cn,Male,56.17.205.248
814,Karlee,Wimbridge,kwimbridgeml@friendfeed.com,Female,108.226.41.106
815,Jody,Currin,jcurrinmm@barnesandnoble.com,Male,137.4.247.38
816,Aubree,Edgecumbe,aedgecumbemn@intel.com,Female,231.13.106.248
817,Glyn,Adamson,gadamsonmo@macromedia.com,Male,26.179.174.84
818,Lutero,Bontoft,lbontoftmp@vimeo.com,Male,230.136.8.234
819,Dorella,Bollins,dbollinsmq@bandcamp.com,Female,70.205.108.156
820,Valry,Splevin,vsplevinmr@economist.com,Female,83.231.236.141
821,Osbert,Hover,ohoverms@dedecms.com,Male,65.24.232.188
822,Fernando,Keming,fkemingmt@shutterfly.com,Male,140.67.9.7
823,Artemus,Androli,aandrolimu@google.co.uk,Male,165.222.1.43
824,Oliy,Langtry,olangtrymv@answers.com,Female,0.190.214.76
825,Normy,Fulep,nfulepmw@arstechnica.com,Male,127.249.219.102
826,Mal,Thirkettle,mthirkettlemx@weibo.com,Male,126.215.104.102
827,Shelton,Brodway,sbrodwaymy@cisco.com,Male,184.250.170.112
828,Jo-anne,Spencelayh,jspencelayhmz@businesswire.com,Female,65.255.24.232
829,Karoly,Penswick,kpenswickn0@adobe.com,Male,118.194.114.251
830,Cletis,Tomaszewski,ctomaszewskin1@ft.com,Male,131.107.14.40
831,Latrina,Capstake,lcapstaken2@edublogs.org,Female,247.77.191.59
832,Burtie,Madge,bmadgen3@tumblr.com,Male,178.156.211.207
833,Joane,Dawbery,jdawberyn4@tinyurl.com,Female,60.159.213.158
834,Joey,Cowey,jcoweyn5@tinyurl.com,Male,212.159.170.249
835,Hodge,Neil,hneiln6@nymag.com,Male,228.150.46.64
836,Welbie,Monument,wmonumentn7@paginegialle.it,Male,191.61.38.232
837,Gerladina,Coll,gcolln8@telegraph.co.uk,Female,122.148.27.10
838,Nicholas,Dalla,ndallan9@usda.gov,Male,46.145.103.144
839,Allis,Iacopetti,aiacopettina@archive.org,Female,101.23.225.251
840,Cello,Glennon,cglennonnb@apple.com,Male,60.5.167.18
841,Yolande,Chattock,ychattocknc@facebook.com,Female,173.51.135.57
842,Janith,Layton,jlaytonnd@hexun.com,Female,83.16.135.110
843,Shannah,Beames,sbeamesne@hibu.com,Female,35.121.110.246
844,Chiarra,Dulake,cdulakenf@netscape.com,Female,110.169.114.230
845,Gussi,Kerin,gkerinng@oaic.gov.au,Female,177.219.105.22
846,Casey,Munkton,cmunktonnh@jigsy.com,Male,100.152.236.119
847,Cad,Pegg,cpeggni@un.org,Male,185.49.154.122
848,Hernando,Edwick,hedwicknj@amazon.co.jp,Male,90.179.77.145
849,Mari,Chaney,mchaneynk@walmart.com,Female,213.91.188.152
850,Feodora,Bounde,fboundenl@mtv.com,Female,157.139.200.165
851,Miles,Rizzi,mrizzinm@themeforest.net,Male,64.228.179.245
852,Cos,MacDonnell,cmacdonnellnn@istockphoto.com,Male,34.246.170.153
853,Ardith,Garfath,agarfathno@addtoany.com,Female,79.248.176.87
854,Byrle,Saward,bsawardnp@merriam-webster.com,Male,66.175.0.144
855,Mella,Cooksey,mcookseynq@slideshare.net,Female,149.95.132.55
856,Benjamen,Breznovic,bbreznovicnr@cdbaby.com,Male,101.10.170.104
857,Sallie,Jakoubek,sjakoubekns@blogspot.com,Female,93.5.232.97
858,Rosana,Pellamonuten,rpellamonutennt@japanpost.jp,Female,74.199.143.98
859,Ruddy,Rockwill,rrockwillnu@bbc.co.uk,Male,67.66.109.161
860,Ilysa,Byles,ibylesnv@unesco.org,Female,186.203.57.30
861,Carina,Gobbet,cgobbetnw@mediafire.com,Female,4.181.190.70
862,Shelba,Moules,smoulesnx@spotify.com,Female,95.66.186.65
863,Homere,Merriott,hmerriottny@icio.us,Male,20.129.141.40
864,Karly,Cussins,kcussinsnz@liveinternet.ru,Female,58.67.52.135
865,Casar,Noraway,cnorawayo0@nps.gov,Male,36.244.47.158
866,Edin,Bishop,ebishopo1@desdev.cn,Female,226.253.126.46
867,Anya,Founds,afoundso2@yelp.com,Female,21.166.50.181
868,Shirlee,Corstan,scorstano3@springer.com,Female,59.8.38.86
869,Mariam,de Verson,mdeversono4@spiegel.de,Female,124.40.78.131
870,Benedicto,Haysar,bhaysaro5@flickr.com,Male,108.238.60.44
871,Kasper,Haugeh,khaugeho6@ed.gov,Male,101.36.88.163
872,Alejoa,Taunton,atauntono7@loc.gov,Male,182.97.169.74
873,Kai,Kigelman,kkigelmano8@independent.co.uk,Female,69.124.160.144
874,Paxton,Ivanin,pivanino9@theglobeandmail.com,Male,0.196.72.66
875,Mano,Stucksbury,mstucksburyoa@ox.ac.uk,Male,214.211.53.20
876,Skippy,Bayford,sbayfordob@blog.com,Male,194.193.38.255
877,Romola,Rathe,rratheoc@baidu.com,Female,89.108.89.98
878,Muhammad,Baudinot,mbaudinotod@last.fm,Male,69.229.176.10
879,Blythe,Elward,belwardoe@infoseek.co.jp,Female,43.116.83.14
880,Reece,Branwhite,rbranwhiteof@dagondesign.com,Male,123.12.57.239
881,Harriot,Mandeville,hmandevilleog@youtube.com,Female,52.231.108.57
882,Caralie,Fendt,cfendtoh@naver.com,Female,94.86.121.132
883,Marthena,Buxam,mbuxamoi@ed.gov,Female,125.211.126.51
884,Ari,Olivas,aolivasoj@163.com,Male,171.248.208.214
885,Jarrad,Vasilov,jvasilovok@discovery.com,Male,45.228.147.79
886,Karlis,Orsi,korsiol@ocn.ne.jp,Male,142.96.143.191
887,Maryanna,Halsey,mhalseyom@webmd.com,Female,63.26.0.62
888,Barney,Baudains,bbaudainson@arizona.edu,Male,56.218.208.158
889,Kimmie,Sawter,ksawteroo@redcross.org,Female,224.145.34.63
890,Blinni,Coytes,bcoytesop@utexas.edu,Female,133.202.127.12
891,Bradford,Baudone,bbaudoneoq@yellowbook.com,Male,147.71.181.193
892,Hillier,Mereweather,hmereweatheror@wikimedia.org,Male,11.79.49.9
893,Mallory,Isenor,misenoros@patch.com,Male,227.123.249.66
894,Bat,Doudny,bdoudnyot@diigo.com,Male,49.183.85.50
895,Judon,Feitosa,jfeitosaou@mediafire.com,Male,141.98.230.23
896,Creight,Leed,cleedov@myspace.com,Male,118.47.118.213
897,Shaylyn,Whalley,swhalleyow@whitehouse.gov,Female,223.175.87.139
898,Sybyl,De Malchar,sdemalcharox@slideshare.net,Female,70.191.205.106
899,Rossie,Scholfield,rscholfieldoy@wisc.edu,Male,116.72.252.208
900,Dennet,Rowson,drowsonoz@spiegel.de,Male,11.160.40.159
901,Moshe,Maypowder,mmaypowderp0@nature.com,Male,190.76.182.216
902,Kelila,Grcic,kgrcicp1@umn.edu,Female,117.198.37.84
903,Edik,Livezey,elivezeyp2@bloomberg.com,Male,185.39.218.50
904,Shelia,Thurlby,sthurlbyp3@usda.gov,Female,11.81.20.102
905,Philipa,Navarro,pnavarrop4@virginia.edu,Female,252.208.212.104
906,Tina,Flippini,tflippinip5@dyndns.org,Female,173.102.213.195
907,Cyrus,Baswall,cbaswallp6@eventbrite.com,Male,9.183.93.120
908,Rudyard,Govini,rgovinip7@xing.com,Male,107.40.163.42
909,Lena,Willcock,lwillcockp8@europa.eu,Female,247.245.189.108
910,Torie,Tour,ttourp9@vk.com,Female,101.183.106.1
911,Fleming,Peete,fpeetepa@cdc.gov,Male,37.66.3.240
912,Bernarr,Philippsohn,bphilippsohnpb@ask.com,Male,201.236.55.175
913,Haydon,McGeown,hmcgeownpc@google.ca,Male,213.150.155.197
914,Niki,Arnolds,narnoldspd@yellowpages.com,Male,75.238.90.202
915,Axel,Punter,apunterpe@nba.com,Male,109.61.227.187
916,Howey,Kovacs,hkovacspf@ftc.gov,Male,63.219.52.178
917,Gilles,Nutty,gnuttypg@constantcontact.com,Male,255.42.7.209
918,Mord,Goodinge,mgoodingeph@miitbeian.gov.cn,Male,164.56.145.120
919,Marjy,Barendtsen,mbarendtsenpi@google.co.uk,Female,36.217.91.223
920,Flory,Tearle,ftearlepj@oakley.com,Male,56.109.136.224
921,Fabien,Dendon,fdendonpk@zdnet.com,Male,20.218.105.135
922,Norman,Heberden,nheberdenpl@4shared.com,Male,154.168.72.197
923,Wait,Allott,wallottpm@qq.com,Male,100.33.242.213
924,Gabbie,Charlwood,gcharlwoodpn@elpais.com,Male,120.4.182.248
925,Johnath,Heardman,jheardmanpo@tuttocitta.it,Female,79.2.17.174
926,Tannie,Willder,twillderpp@ftc.gov,Male,104.82.202.223
927,Tonnie,Martinetto,tmartinettopq@simplemachines.org,Male,217.78.172.120
928,Kennith,Mannix,kmannixpr@wikispaces.com,Male,213.53.81.178
929,Sandy,Rookwell,srookwellps@admin.ch,Male,116.2.123.175
930,Genni,Gavahan,ggavahanpt@dagondesign.com,Female,114.63.112.116
931,Leif,Casari,lcasaripu@state.tx.us,Male,73.217.82.173
932,Skippy,Goldingay,sgoldingaypv@marketwatch.com,Male,90.172.157.64
933,Jackson,Skaife d'Ingerthorpe,jskaifedingerthorpepw@altervista.org,Male,45.78.88.113
934,Jenda,Toller,jtollerpx@economist.com,Female,76.61.41.6
935,Karisa,Dunn,kdunnpy@kickstarter.com,Female,156.120.196.104
936,Malanie,Yanez,myanezpz@dmoz.org,Female,29.35.207.251
937,Luelle,Swynfen,lswynfenq0@123-reg.co.uk,Female,48.54.203.164
938,Izaak,Myers,imyersq1@vimeo.com,Male,102.58.168.226
939,Colman,Janos,cjanosq2@digg.com,Male,178.196.208.224
940,Hebert,Grieg,hgriegq3@google.com,Male,111.190.118.58
941,Rora,Widdowson,rwiddowsonq4@hhs.gov,Female,149.61.74.150
942,Fons,Puvia,fpuviaq5@spiegel.de,Male,244.165.36.205
943,Missie,Graal,mgraalq6@surveymonkey.com,Female,195.228.1.68
944,Dimitry,Speak,dspeakq7@soundcloud.com,Male,140.225.58.224
945,Arnaldo,Lambeth,alambethq8@accuweather.com,Male,170.241.82.213
946,Tremayne,Cordet,tcordetq9@va.gov,Male,223.168.151.81
947,Rafaello,Petraitis,rpetraitisqa@craigslist.org,Male,197.31.113.81
948,Pall,Breslau,pbreslauqb@unc.edu,Male,229.42.225.238
949,Harwell,Valentinetti,hvalentinettiqc@jalbum.net,Male,211.134.254.150
950,Jenn,Fairbard,jfairbardqd@nhs.uk,Female,137.253.0.186
951,Juliana,Nesey,jneseyqe@lycos.com,Female,250.184.14.90
952,Doug,Adamsson,dadamssonqf@census.gov,Male,110.139.62.76
953,Binky,Rizzini,brizziniqg@webs.com,Male,64.119.92.135
954,Bink,Musson,bmussonqh@uol.com.br,Male,55.142.153.188
955,Quinn,Bywaters,qbywatersqi@woothemes.com,Female,171.214.221.167
956,Evelina,Teodorski,eteodorskiqj@google.co.jp,Female,77.201.224.117
957,Mahmoud,Fibben,mfibbenqk@archive.org,Male,236.186.5.127
958,Em,Vazquez,evazquezql@sphinn.com,Male,17.253.67.52
959,Annecorinne,MacAlister,amacalisterqm@telegraph.co.uk,Female,157.138.235.112
960,Yale,Staunton,ystauntonqn@shareasale.com,Male,94.154.81.149
961,Montague,Potkins,mpotkinsqo@meetup.com,Male,108.156.101.124
962,Randy,Twidell,rtwidellqp@huffingtonpost.com,Female,67.198.143.163
963,Calla,Rupert,crupertqq@guardian.co.uk,Female,25.96.186.26
964,Cordie,Kenworthy,ckenworthyqr@rediff.com,Female,150.245.200.45
965,Trudie,Fourmy,tfourmyqs@plala.or.jp,Female,245.110.5.254
966,Eberto,Heckney,eheckneyqt@webmd.com,Male,241.125.205.63
967,Sheila,MacNeice,smacneicequ@ezinearticles.com,Female,118.23.176.201
968,Edin,Tourville,etourvilleqv@alibaba.com,Female,218.51.191.218
969,Tersina,Thurley,tthurleyqw@google.it,Female,201.3.19.103
970,Elene,Gouldie,egouldieqx@aol.com,Female,99.106.150.2
971,Brett,Olwen,bolwenqy@istockphoto.com,Male,99.196.253.234
972,Mariann,Woolfoot,mwoolfootqz@noaa.gov,Female,132.155.153.175
973,Ilyse,Compfort,icompfortr0@spotify.com,Female,90.124.150.75
974,Hermia,Winn,hwinnr1@reference.com,Female,164.54.133.250
975,Hendrick,Senett,hsenettr2@symantec.com,Male,173.244.214.187
976,Deonne,McLernon,dmclernonr3@ted.com,Female,183.248.250.187
977,Lonee,Livick,llivickr4@people.com.cn,Female,215.181.88.117
978,Jeddy,Burnyate,jburnyater5@forbes.com,Male,61.16.207.15
979,Sebastian,Goodban,sgoodbanr6@networksolutions.com,Male,51.12.71.122
980,Nat,Paynter,npaynterr7@discuz.net,Female,61.120.153.227
981,Kathlin,Floris,kflorisr8@shareasale.com,Female,75.199.114.167
982,Prentiss,Dorkins,pdorkinsr9@merriam-webster.com,Male,127.246.19.38
983,Sileas,Dary,sdaryra@bbc.co.uk,Female,160.163.166.108
984,Michale,Bramhill,mbramhillrb@goo.gl,Male,156.93.195.196
985,Toddy,Grut,tgrutrc@opera.com,Male,210.96.81.231
986,Tomi,Shepton,tsheptonrd@livejournal.com,Female,34.242.47.231
987,Inger,Burgh,iburghre@yellowbook.com,Male,161.59.156.186
988,Gradey,Geaveny,ggeavenyrf@altervista.org,Male,121.230.237.76
989,Danita,Fortnon,dfortnonrg@buzzfeed.com,Female,155.33.106.127
990,Nissie,Pudney,npudneyrh@usnews.com,Female,157.15.207.252
991,Rachael,Lathan,rlathanri@skyrock.com,Female,49.32.177.82
992,Sonja,Lemmens,slemmensrj@istockphoto.com,Female,173.36.9.227
993,Celestia,Haccleton,chaccletonrk@sbwire.com,Female,106.61.189.73
994,Angie,Gervaise,agervaiserl@fastcompany.com,Male,43.80.49.215
995,Franz,Farry,ffarryrm@illinois.edu,Male,166.136.91.80
996,Alanah,Garrattley,agarrattleyrn@i2i.jp,Female,42.157.24.50
997,Jacinda,Carvilla,jcarvillaro@sciencedaily.com,Female,76.174.91.130
998,Alis,McLurg,amclurgrp@mayoclinic.com,Female,161.176.3.140
999,Barn,Gillion,bgillionrq@accuweather.com,Male,34.148.139.20
1000,Eula,O'Hederscoll,eohederscollrr@archive.org,Female,236.215.126.185
